Position	P(x)	G(x)
1	0.0153727	2.07358
2	0.0609008	1.21774
3	0.0947979	1.17958
4	0.119869	1.20471
5	0.138289	1.24341
6	0.151731	1.28363
7	0.161477	1.32122
8	0.168497	1.3546
9	0.195016	1.34956
10	0.213891	1.36721
11	0.227249	1.39194
12	0.276878	1.32206
13	0.311683	1.31469
14	0.336001	1.32918
15	0.352944	1.35076
16	0.364727	1.37323
17	0.372916	1.39394
18	0.378609	1.41188
19	0.382572	1.42684
20	0.385338	1.439
21	0.387275	1.44872
22	0.388637	1.45637
23	0.389598	1.46234
24	0.390279	1.46695
25	0.390764	1.47049
26	0.391109	1.47318
27	0.391354	1.4752
28	0.391528	1.47669
29	0.391651	1.47777
30	0.391734	1.4785
31	0.39179	1.47895
32	0.391822	1.47916
33	0.391837	1.47916
34	0.391837	1.47894
35	0.391822	1.4785
36	0.391791	1.47782
37	0.391742	1.47686
38	0.391669	1.47556
39	0.391561	1.47383
40	0.391402	1.47153
41	0.391162	1.46849
42	0.390793	1.46447
43	0.390216	1.45917
44	0.389302	1.45226
45	0.387842	1.44337
46	0.385498	1.43218
47	0.384788	1.42783
48	0.383648	1.42207
49	0.381828	1.41465
50	0.381285	1.41155
51	0.380428	1.40734
52	0.379086	1.40177
53	0.377006	1.39464
54	0.37381	1.38588
55	0.368943	1.37575
56	0.3616	1.36514
57	0.350618	1.35623
58	0.334339	1.35367
59	0.310421	1.36752
60	0.275581	1.42093
61	0.22527	1.57719
62	0.211614	1.57988
63	0.192225	1.60583
64	0.16493	1.68723
65	0.157708	1.67561
66	0.147709	1.67111
67	0.133983	1.68375
68	0.115295	1.73664
69	0.0900671	1.89492
70	0.0562938	2.43765
71	0.0477944	2.54273
72	0.0366043	2.80769
73	0.0338355	2.8295
74	0.0331583	2.81809
75	0.0322875	2.80656
76	0.0311777	2.79601
77	0.0297756	2.78813
78	0.0280193	2.78565
79	0.0258378	2.79315
80	0.0231506	2.81892
81	0.0198674	2.87972
82	0.0158885	3.01575
83	0.0149823	3.00115
84	0.0139011	2.98906
85	0.0126216	2.98177
86	0.011119	2.9833
87	0.00936805	3.00161
88	0.00734307	3.05566
89	0.00501844	3.20583
90	0.00236912	3.8131
91	0.00180079	3.86985
92	0.00116205	4.03138
93	0.00044903	4.83724
94	0.000299206	5.0026
95	0.000134073	5.66309
96	9.98614e-05	5.73612
97	6.25626e-05	5.92136
98	2.21329e-05	6.86523
99	1.39187e-05	7.14642
100	5.07066e-06	8.4551
101	3.40624e-06	9.11828
102	4.02928e-06	9.69045
103	4.31783e-06	10.0495
104	4.33728e-06	10.327
105	4.13152e-06	10.5807
106	5.91847e-06	10.7074
107	7.1502e-06	10.7814
108	7.94121e-06	10.8328
109	8.37087e-06	10.8702
110	8.48791e-06	10.8973
111	8.31296e-06	10.9167
112	7.83941e-06	10.932
113	7.03287e-06	10.9494
114	5.82875e-06	10.9842
115	6.03627e-06	10.9907
116	5.98765e-06	10.9911
117	5.67922e-06	10.9847
118	5.08222e-06	10.9728
119	4.14128e-06	10.9599
120	2.77138e-06	10.9661
121	8.52851e-07	11.2332
122	5.52235e-07	11.2139
123	6.87758e-07	11.2525
124	7.16471e-07	11.2685
125	6.39675e-07	11.2675
126	4.44087e-07	11.25
127	1.01097e-07	11.1942
128	7.64023e-08	11.2107
129	1.71264e-07	11.3532
130	1.9915e-07	11.3843
131	1.63423e-07	11.3815
132	5.75802e-08	11.3154
133	5.26682e-08	11.2184
134	6.9923e-08	10.9722
135	1.36882e-07	10.3097
136	4.60871e-07	9.80494
137	6.41903e-07	9.68009
138	7.12108e-07	9.51696
139	1.36402e-06	9.61113
140	1.76583e-06	9.62678
141	4.08857e-06	9.75459
142	5.69934e-06	9.8285
143	6.77675e-06	9.87674
144	7.44415e-06	9.90211
145	7.78106e-06	9.90373
146	7.83195e-06	9.87861
147	7.61081e-06	9.82037
148	8.90257e-06	9.91633
149	9.74431e-06	9.96897
150	1.02172e-05	9.99014
151	1.0367e-05	9.98311
152	1.0208e-05	9.94626
153	9.72445e-06	9.87235
154	1.08803e-05	9.93078
155	1.69324e-05	9.93635
156	2.14797e-05	9.95569
157	2.48498e-05	9.9736
158	2.7288e-05	9.98638
159	2.89727e-05	9.99248
160	3.00267e-05	9.9908
161	3.0524e-05	9.98007
162	3.04946e-05	9.95858
163	2.99258e-05	9.92374
164	2.87619e-05	9.87145
165	2.69015e-05	9.79451
166	2.41908e-05	9.67871
167	2.0416e-05	9.49105
168	2.01757e-05	9.43621
169	1.94867e-05	9.35359
170	1.82886e-05	9.22812
171	1.6481e-05	9.03064
172	1.39168e-05	8.69339
173	1.3837e-05	8.6149
174	1.34282e-05	8.49507
175	1.2644e-05	8.3091
176	1.3163e-05	8.27548
177	1.33867e-05	8.23038
178	1.51373e-05	8.17289
179	1.62974e-05	8.1438
180	1.70053e-05	8.12045
181	2.03116e-05	8.03312
182	3.32561e-05	7.66441
183	4.22261e-05	7.59302
184	4.83747e-05	7.58752
185	5.25143e-05	7.59879
186	5.52082e-05	7.61011
187	5.68356e-05	7.61401
188	5.76377e-05	7.60618
189	5.77478e-05	7.58315
190	5.721e-05	7.54103
191	5.59878e-05	7.47445
192	5.39644e-05	7.37503
193	5.43389e-05	7.36912
194	5.41748e-05	7.34701
195	5.34809e-05	7.30549
196	5.21981e-05	7.23955
197	5.01979e-05	7.14103
198	5.02121e-05	7.13239
199	5.20743e-05	7.19348
200	6.03501e-05	7.41243
201	6.61061e-05	7.5658
202	7.01026e-05	7.67726
203	8.77642e-05	7.98652
204	0.000100678	8.18398
205	0.000110145	8.32263
206	0.000117067	8.42357
207	0.000122069	8.49749
208	0.000125584	8.5506
209	0.000127904	8.58677
210	0.000141146	8.72283
211	0.000151075	8.81938
212	0.000158428	8.88959
213	0.00016375	8.9406
214	0.000167433	8.97656
215	0.000169753	9.00001
216	0.000170888	9.01249
217	0.000170926	9.01485
218	0.000169876	9.00736
219	0.000167668	8.98978
220	0.000164139	8.96127
221	0.000159032	8.92031
222	0.000151963	8.86434
223	0.000142401	8.78912
224	0.000129614	8.68718
225	0.000112612	8.54358
226	0.000109109	8.49287
227	0.000104143	8.42309
228	9.72834e-05	8.32962
229	8.79188e-05	8.20424
230	7.519e-05	8.02944
231	7.2616e-05	7.97689
232	6.88115e-05	7.90463
233	6.33642e-05	7.80896
234	5.5684e-05	7.68281
235	5.45131e-05	7.66223
236	5.24235e-05	7.62784
237	4.91194e-05	7.5812
238	4.41499e-05	7.52552
239	4.41306e-05	7.52936
240	4.3248e-05	7.52544
241	4.12667e-05	7.51957
242	3.77991e-05	7.52424
243	3.22313e-05	7.57296
244	2.3615e-05	7.78918
245	2.26429e-05	7.80713
246	2.77856e-05	7.54433
247	3.12805e-05	7.41677
248	3.32047e-05	7.35262
249	3.34945e-05	7.3299
250	4.36341e-05	7.03291
251	8.7041e-05	6.18328
252	0.000119778	5.99757
253	0.000251752	5.32588
254	0.000350889	5.20825
255	0.000425035	5.18944
256	0.000480231	5.20043
257	0.000521086	5.22062
258	0.000551071	5.24183
259	0.00057277	5.26023
260	0.000588064	5.27381
261	0.000598285	5.28131
262	0.000647076	5.28984
263	0.000682859	5.30313
264	0.000708839	5.31637
265	0.00072735	5.32707
266	0.000805445	5.30754
267	0.000862905	5.30642
268	0.00108933	5.13971
269	0.00125603	5.07989
270	0.00137841	5.06158
271	0.00146795	5.06129
272	0.00181649	4.91118
273	0.00207072	4.85864
274	0.00225558	4.84484
275	0.00238952	4.84784
276	0.00248619	4.85784
277	0.00255562	4.87
278	0.00260515	4.88179
279	0.00279739	4.87863
280	0.00293507	4.88771
281	0.00303338	4.90128
282	0.00340854	4.86913
283	0.00367642	4.86914
284	0.00386737	4.88209
285	0.00459204	4.81182
286	0.00510861	4.8026
287	0.0054765	4.81648
288	0.00573821	4.83865
289	0.00592413	4.86252
290	0.00605598	4.88507
291	0.00614921	4.90495
292	0.00621484	4.92166
293	0.00626065	4.93511
294	0.00629214	4.94543
295	0.00631313	4.95279
296	0.00632621	4.95739
297	0.00633308	4.95933
298	0.00633472	4.95866
299	0.00633152	4.95532
300	0.00632339	4.94912
301	0.0063097	4.93975
302	0.00628925	4.92674
303	0.00626021	4.90949
304	0.00621984	4.88717
305	0.0061643	4.85879
306	0.0060882	4.82311
307	0.00598403	4.77859
308	0.00584134	4.72331
309	0.00564553	4.65481
310	0.00559634	4.63215
311	0.00552775	4.6038
312	0.00551313	4.59706
313	0.00549087	4.58744
314	0.00545814	4.57456
315	0.00541087	4.55804
316	0.00534311	4.5375
317	0.00524623	4.51274
318	0.00522595	4.50624
319	0.0051936	4.49687
320	0.00514434	4.48454
321	0.00507108	4.46937
322	0.00496345	4.45197
323	0.00480637	4.43395
324	0.00457796	4.4191
325	0.00452452	4.40912
326	0.00444147	4.39704
327	0.00431652	4.38445
328	0.00413192	4.37487
329	0.00386216	4.37598
330	0.00347082	4.40541
331	0.00337829	4.39681
332	0.00323631	4.39135
333	0.00302599	4.39678
334	0.00272076	4.43044
335	0.00228371	4.53686
336	0.00218846	4.53936
337	0.00224927	4.53259
338	0.00227537	4.52877
339	0.00226721	4.52691
340	0.00222284	4.52795
341	0.00213766	4.53526
342	0.00200415	4.55623
343	0.00181141	4.60642
344	0.00154467	4.72197
345	0.0011847	5.00746
346	0.00112186	5.0441
347	0.00102265	5.11763
348	0.000882481	5.26348
349	0.000895222	5.25625
350	0.000881862	5.27011
351	0.000845104	5.3036
352	0.000785856	5.36303
353	0.000703608	5.46523
354	0.000718461	5.46305
355	0.000842057	5.36214
356	0.00129531	4.95659
357	0.00159698	4.88182
358	0.00267595	4.51218
359	0.00340624	4.47783
360	0.00390608	4.51092
361	0.00425294	4.55973
362	0.00449744	4.60871
363	0.00467263	4.6527
364	0.00480017	4.69023
365	0.00489436	4.72135
366	0.00496467	4.74659
367	0.00501745	4.76666
368	0.00505705	4.78218
369	0.00508643	4.7937
370	0.00522628	4.83414
371	0.00533628	4.86692
372	0.00542289	4.89341
373	0.00549096	4.91463
374	0.0055442	4.93137
375	0.00558539	4.94418
376	0.00561666	4.95348
377	0.00576719	4.98523
378	0.00588697	5.01104
379	0.00598202	5.03191
380	0.00605712	5.04855
381	0.00611601	5.0615
382	0.00616163	5.07115
383	0.00619619	5.07777
384	0.00622136	5.08152
385	0.00623827	5.08244
386	0.00624762	5.08046
387	0.00624965	5.0754
388	0.00624411	5.06694
389	0.00623021	5.05463
390	0.00620645	5.03785
391	0.00617035	5.01585
392	0.00611803	4.98772
393	0.00604339	4.95245
394	0.00593698	4.90919
395	0.00578399	4.85762
396	0.00556112	4.79891
397	0.00523149	4.738
398	0.0047368	4.68945
399	0.00459954	4.66321
400	0.00438549	4.64383
401	0.0040521	4.64925
402	0.00396224	4.64154
403	0.00381616	4.64286
404	0.00358523	4.66841
405	0.00322606	4.75386
406	0.002674	4.99803
407	0.00252284	5.04822
408	0.00250567	5.05367
409	0.00245769	5.06844
410	0.00237137	5.10018
411	0.00239307	5.10122
412	0.00256653	5.05894
413	0.00268024	5.04596
414	0.0027505	5.04612
415	0.00278778	5.05204
416	0.00279822	5.06062
417	0.0027846	5.07124
418	0.00274704	5.08498
419	0.00268333	5.10458
420	0.0025891	5.13484
421	0.00260101	5.14788
422	0.00259381	5.1602
423	0.00256835	5.17267
424	0.00252403	5.18682
425	0.00245901	5.20498
426	0.00237025	5.23057
427	0.00225358	5.2689
428	0.00210356	5.32864
429	0.00208205	5.34088
430	0.00204728	5.35275
431	0.00199844	5.36574
432	0.00193406	5.38188
433	0.00185198	5.40414
434	0.00184766	5.41955
435	0.00183449	5.43095
436	0.00181282	5.43927
437	0.00178252	5.44549
438	0.001743	5.45071
439	0.00169326	5.45621
440	0.00163196	5.46359
441	0.00155735	5.47501
442	0.00146734	5.49355
443	0.0013594	5.52402
444	0.00123059	5.57446
445	0.001204	5.5739
446	0.00120699	5.59878
447	0.00120637	5.61587
448	0.00120257	5.62659
449	0.0011958	5.63192
450	0.00118608	5.63253
451	0.00117323	5.62878
452	0.00115686	5.62078
453	0.00113628	5.6085
454	0.0011104	5.59181
455	0.00107755	5.5708
456	0.00103518	5.54622
457	0.000979434	5.5205
458	0.000904523	5.50004
459	0.000801822	5.5012
460	0.000658569	5.57049
461	0.000456056	5.88722
462	0.000402141	5.94516
463	0.000388175	5.94448
464	0.000386691	5.95389
465	0.000382846	5.95933
466	0.00037603	5.96326
467	0.000365319	5.96934
468	0.000366683	5.99263
469	0.000365571	6.00877
470	0.000361768	6.02004
471	0.000354835	6.02903
472	0.000344073	6.0391
473	0.000328474	6.0553
474	0.000306657	6.08618
475	0.000303686	6.10209
476	0.000297972	6.1133
477	0.000289131	6.12245
478	0.000276553	6.13294
479	0.000259379	6.14989
480	0.000236454	6.18224
481	0.000206269	6.24833
482	0.000166877	6.39393
483	0.000115795	6.77761
484	0.000103908	6.83811
485	8.83223e-05	6.95235
486	6.81046e-05	7.20237
487	6.40238e-05	7.24173
488	5.83271e-05	7.30031
489	5.0697e-05	7.40183
490	4.06854e-05	7.6065
491	3.93003e-05	7.63641
492	4.3051e-05	7.63297
493	4.54582e-05	7.63529
494	4.67746e-05	7.63805
495	4.71531e-05	7.63897
496	4.66647e-05	7.6371
497	4.53075e-05	7.63216
498	4.301e-05	7.62441
499	3.96278e-05	7.61489
500	4.05574e-05	7.60121
501	4.77533e-05	7.52645
502	5.28363e-05	7.49895
503	5.6314e-05	7.48861
504	7.19178e-05	7.37841
505	8.31198e-05	7.35246
506	9.10663e-05	7.35425
507	9.65936e-05	7.36403
508	0.000100302	7.37307
509	0.00010261	7.37669
510	0.000114283	7.39962
511	0.000122471	7.42872
512	0.000155661	7.42159
513	0.000179288	7.45783
514	0.000196012	7.50343
515	0.000207747	7.54704
516	0.000215861	7.58419
517	0.000221318	7.61304
518	0.000224781	7.63283
519	0.000226692	7.6432
520	0.000227315	7.64382
521	0.000226774	7.63408
522	0.000225075	7.61296
523	0.000222112	7.57875
524	0.000217669	7.52881
525	0.000211411	7.45901
526	0.000202867	7.3628
527	0.000191396	7.22918
528	0.000176154	7.03837
529	0.00015603	6.75046
530	0.00015154	6.65812
531	0.000150965	6.64588
532	0.000149896	6.62185
533	0.00014826	6.58451
534	0.000145927	6.53117
535	0.000146015	6.53751
536	0.000145714	6.53338
537	0.000144997	6.51875
538	0.000143788	6.4927
539	0.000144568	6.52059
540	0.000144896	6.5357
541	0.000148808	6.64731
542	0.000151623	6.72691
543	0.000153551	6.78239
544	0.000154731	6.81893
545	0.000155239	6.83988
546	0.000155081	6.84725
547	0.000154188	6.84206
548	0.000152399	6.82452
549	0.000149426	6.79418
550	0.000144812	6.75006
551	0.00013786	6.6909
552	0.000127533	6.61538
553	0.000125169	6.59819
554	0.000121366	6.56948
555	0.000115536	6.53014
556	0.000106807	6.48243
557	0.000104954	6.47905
558	0.000101834	6.46428
559	9.69901e-05	6.44043
560	8.97503e-05	6.41145
561	7.91554e-05	6.38607
562	7.67803e-05	6.38286
563	7.30491e-05	6.36871
564	6.7511e-05	6.34751
565	5.9534e-05	6.32617
566	4.82557e-05	6.32162
567	3.25218e-05	6.39705
568	1.08079e-05	7.23761
569	5.37203e-06	7.86119
570	4.03013e-06	8.05903
571	3.84558e-06	8.18977
572	3.4612e-06	8.28891
573	2.8536e-06	8.39189
574	1.98057e-06	8.57696
575	7.79317e-07	9.44253
576	5.09877e-07	9.91097
577	5.16349e-07	10.2246
578	1.08597e-06	10.8011
579	1.4375e-06	10.9592
580	1.61365e-06	11.0362
581	1.63916e-06	11.0813
582	1.52227e-06	11.1134
583	1.25517e-06	11.1536
584	1.54358e-06	11.1841
585	1.66791e-06	11.2018
586	1.64225e-06	11.2089
587	1.46396e-06	11.2091
588	1.11333e-06	11.2147
589	5.52283e-07	11.3046
590	5.47409e-07	11.294
591	4.40868e-07	11.2569
592	2.16395e-07	11.1249
593	2.65252e-07	11.0704
594	2.44502e-07	10.9465
595	1.46777e-07	10.494
596	1.80756e-07	10.2204
597	3.41629e-07	9.56356
598	1.06399e-06	8.97411
599	4.3267e-06	8.68807
600	6.57209e-06	8.72181
601	8.07521e-06	8.76009
602	9.03015e-06	8.78168
603	9.56778e-06	8.77892
604	9.76917e-06	8.74523
605	1.18711e-05	8.84745
606	1.32676e-05	8.91217
607	1.41352e-05	8.94661
608	1.4587e-05	8.95208
609	1.46862e-05	8.92656
610	1.44555e-05	8.86426
611	1.38813e-05	8.75333
612	1.29164e-05	8.56997
613	1.33e-05	8.58086
614	1.34015e-05	8.55526
615	1.3233e-05	8.48807
616	1.27787e-05	8.36653
617	1.19953e-05	8.16465
618	1.23123e-05	8.16351
619	1.24097e-05	8.13058
620	1.22927e-05	8.05843
621	1.19436e-05	7.93231
622	1.23934e-05	7.93395
623	1.45229e-05	7.95482
624	1.59848e-05	7.97748
625	2.23415e-05	7.99103
626	2.68184e-05	8.03952
627	4.52694e-05	7.99192
628	5.84462e-05	8.04963
629	6.78041e-05	8.12091
630	7.43902e-05	8.18702
631	7.89513e-05	8.24205
632	8.20101e-05	8.2838
633	8.39233e-05	8.31142
634	9.40417e-05	8.43078
635	0.000101278	8.52109
636	0.000106382	8.58889
637	0.000109881	8.63802
638	0.000112133	8.67095
639	0.000113372	8.68923
640	0.000113733	8.69367
641	0.000113267	8.68427
642	0.000111952	8.66018
643	0.000109691	8.61945
644	0.000106311	8.55859
645	0.000101549	8.47164
646	9.50367e-05	8.34814
647	8.62728e-05	8.16825
648	7.45839e-05	7.88901
649	7.21649e-05	7.8021
650	6.87705e-05	7.67679
651	6.41279e-05	7.4958
652	5.7863e-05	7.22534
653	5.66769e-05	7.1605
654	5.49347e-05	7.06378
655	5.24794e-05	6.92378
656	4.90902e-05	6.72004
657	4.85032e-05	6.68212
658	4.90185e-05	6.73458
659	4.92655e-05	6.76364
660	5.17569e-05	6.96199
661	5.35512e-05	7.09724
662	5.47815e-05	7.18806
663	5.55386e-05	7.24543
664	5.5873e-05	7.27575
665	5.57945e-05	7.28238
666	5.52659e-05	7.26633
667	5.68984e-05	7.37245
668	5.79094e-05	7.44129
669	5.83587e-05	7.48121
670	5.82464e-05	7.49718
671	5.75056e-05	7.49212
672	5.5985e-05	7.46777
673	5.34235e-05	7.42546
674	4.94108e-05	7.36714
675	4.33285e-05	7.29754
676	3.42691e-05	7.23126
677	3.21318e-05	7.20811
678	2.87714e-05	7.17447
679	2.37e-05	7.14443
680	1.62212e-05	7.16956
681	5.36136e-06	7.82497
682	2.64673e-06	8.42308
683	2.15369e-06	8.68658
684	2.87579e-06	8.56783
685	3.28766e-06	8.51837
686	3.40203e-06	8.49521
687	3.20704e-06	8.48987
688	4.72023e-06	8.13179
689	1.15529e-05	7.23277
690	4.01921e-05	6.18071
691	6.28635e-05	6.08271
692	0.000158263	5.45717
693	0.000234511	5.37157
694	0.000558467	4.76043
695	0.00194222	3.81389
696	0.00306758	3.71973
697	0.00398802	3.70877
698	0.00474476	3.71974
699	0.00536966	3.73776
700	0.00588747	3.75774
701	0.00816042	3.55577
702	0.0100511	3.47375
703	0.0116239	3.43769
704	0.0129307	3.42345
705	0.0140141	3.42083
706	0.0149096	3.42478
707	0.0156468	3.43248
708	0.0162508	3.4422
709	0.016743	3.45281
710	0.0171417	3.46352
711	0.0174624	3.47379
712	0.0188333	3.45325
713	0.0199273	3.44676
714	0.0207953	3.44828
715	0.0214799	3.45422
716	0.0243243	3.37629
717	0.0265472	3.34117
718	0.0282763	3.32827
719	0.0296158	3.32729
720	0.0306496	3.33259
721	0.0348564	3.2503
722	0.0380885	3.21514
723	0.0405678	3.20326
724	0.0424681	3.20326
725	0.0439242	3.20918
726	0.0450404	3.21775
727	0.0458965	3.22712
728	0.0465537	3.23627
729	0.0470585	3.24463
730	0.047446	3.25194
731	0.0477429	3.25807
732	0.047969	3.26298
733	0.0481391	3.26665
734	0.0482635	3.26908
735	0.0483492	3.27023
736	0.0483996	3.27002
737	0.0484145	3.26834
738	0.0486638	3.27257
739	0.0488443	3.27567
740	0.0489656	3.27757
741	0.049572	3.28212
742	0.0500219	3.28655
743	0.0503477	3.29042
744	0.0505727	3.29345
745	0.0507123	3.29545
746	0.0507744	3.2963
747	0.0507591	3.29598
748	0.0506582	3.29453
749	0.0504533	3.29216
750	0.0501141	3.2893
751	0.0495949	3.28675
752	0.04883	3.28596
753	0.0486865	3.28466
754	0.0488747	3.28847
755	0.0489629	3.29099
756	0.0489668	3.29215
757	0.0488929	3.29198
758	0.0487393	3.2906
759	0.0484965	3.28818
760	0.0485463	3.29147
761	0.0485322	3.29309
762	0.0484607	3.29318
763	0.0483319	3.29185
764	0.0481404	3.28925
765	0.0478755	3.2855
766	0.0475212	3.28074
767	0.0470558	3.27516
768	0.0464498	3.26906
769	0.0456656	3.2629
770	0.0446537	3.25748
771	0.043351	3.25413
772	0.0416759	3.25516
773	0.0395237	3.26458
774	0.0367606	3.2897
775	0.0332152	3.34478
776	0.0286703	3.46083
777	0.027569	3.46053
778	0.0261602	3.46885
779	0.0243621	3.49298
780	0.0220733	3.54648
781	0.0191687	3.65758
782	0.0184745	3.65737
783	0.0175993	3.66458
784	0.0165009	3.68462
785	0.0151293	3.72693
786	0.013425	3.80939
787	0.0113182	3.97081
788	0.0108291	3.97774
789	0.0102297	3.99378
790	0.00949917	4.02454
791	0.00933626	4.0187
792	0.00913743	4.01228
793	0.00889669	4.00573
794	0.00860693	3.99962
795	0.00825965	3.99473
796	0.00784465	3.99216
797	0.00734955	3.99368
798	0.00675915	4.00234
799	0.00605462	4.02384
800	0.00521226	4.07009
801	0.00420203	4.1703
802	0.00298544	4.41788
803	0.00270744	4.4122
804	0.00236852	4.41799
805	0.00195273	4.45187
806	0.00143917	4.56516
807	0.00080037	5.01738
808	0.000649669	5.05507
809	0.000459272	5.20007
810	0.00021748	5.9284
811	0.000160382	6.13509
812	8.65334e-05	6.94164
813	7.1899e-05	7.1585
814	8.1117e-05	6.98697
815	8.52052e-05	6.91717
816	0.000121484	6.46303
817	0.00014663	6.30405
818	0.00016349	6.23593
819	0.000174078	6.20308
820	0.000179779	6.18443
821	0.000181502	6.17051
822	0.000179789	6.15656
823	0.000174889	6.13992
824	0.000185182	6.1187
825	0.000191167	6.10732
826	0.000193871	6.09736
827	0.000214376	6.06577
828	0.000227878	6.06034
829	0.000236459	6.0634
830	0.00024155	6.06686
831	0.000244112	6.06647
832	0.000259622	6.09034
833	0.000317955	6.09256
834	0.000357201	6.13999
835	0.000383605	6.19599
836	0.000401361	6.24842
837	0.000413267	6.2929
838	0.000421177	6.32815
839	0.000426296	6.35405
840	0.000449758	6.46204
841	0.000466487	6.546
842	0.000478455	6.6107
843	0.000486982	6.65964
844	0.000492952	6.69548
845	0.000496945	6.72015
846	0.000499332	6.73496
847	0.000500327	6.74067
848	0.000512067	6.80942
849	0.000520703	6.86027
850	0.000526888	6.89696
851	0.000531086	6.922
852	0.000533613	6.93703
853	0.000534658	6.943
854	0.000534297	6.94029
855	0.0005325	6.92877
856	0.000529117	6.90779
857	0.000523866	6.87616
858	0.000516291	6.83202
859	0.000505715	6.77272
860	0.00049115	6.69447
861	0.000471181	6.59179
862	0.000443784	6.45616
863	0.000406064	6.27288
864	0.000397078	6.21667
865	0.00038422	6.14328
866	0.000365896	6.04842
867	0.00036185	6.02665
868	0.000363233	6.05014
869	0.000363383	6.06328
870	0.000362211	6.06735
871	0.000359462	6.06312
872	0.00035467	6.05113
873	0.000347079	6.0319
874	0.00033553	6.00644
875	0.000318283	5.97722
876	0.000292758	5.95036
877	0.000255158	5.94208
878	0.000199918	6.00377
879	0.000118919	6.39655
880	9.69382e-05	6.48088
881	9.10689e-05	6.47518
882	9.00504e-05	6.49041
883	8.80561e-05	6.49452
884	8.47957e-05	6.49159
885	7.98221e-05	6.48746
886	7.24811e-05	6.49286
887	6.18429e-05	6.53281
888	4.66117e-05	6.68573
889	2.50056e-05	7.39893
890	1.93605e-05	7.64061
891	1.80702e-05	7.69987
892	1.88502e-05	7.87201
893	1.91538e-05	7.99333
894	2.32111e-05	8.37859
895	4.18356e-05	8.86529
896	5.60762e-05	9.05364
897	6.68978e-05	9.16402
898	7.50471e-05	9.23932
899	8.10955e-05	9.29381
900	8.54731e-05	9.33368
901	8.84939e-05	9.36217
902	9.03752e-05	9.38114
903	9.1251e-05	9.39176
904	9.11815e-05	9.39479
905	9.01574e-05	9.39069
906	8.81002e-05	9.37965
907	8.48595e-05	9.3616
908	8.02059e-05	9.33611
909	7.38193e-05	9.30208
910	6.52727e-05	9.25705
911	5.40115e-05	9.19491
912	3.93248e-05	9.09591
913	2.03111e-05	8.84669
914	1.65609e-05	8.51284
915	1.81108e-05	8.26261
916	1.90763e-05	8.02827
917	2.88033e-05	7.48657
918	7.51816e-05	6.30797
919	0.000116039	6.07264
920	0.00030684	5.2221
921	0.000474899	5.06361
922	0.000622862	5.01119
923	0.000753078	4.99371
924	0.000867617	4.99117
925	0.000968293	4.99569
926	0.00105669	5.00348
927	0.00113418	5.01245
928	0.00120193	5.02127
929	0.00126094	5.02896
930	0.00154016	4.90311
931	0.00178472	4.83315
932	0.00199847	4.7919
933	0.0029853	4.36202
934	0.00384467	4.1815
935	0.00778125	3.37432
936	0.0111881	3.15483
937	0.0141255	3.06522
938	0.0274302	2.43448
939	0.0388025	2.26111
940	0.0484758	2.19416
941	0.0566613	2.16801
942	0.0635499	2.16129
943	0.069314	2.16487
944	0.0741085	2.17416
945	0.078072	2.18656
946	0.0813278	2.20047
947	0.0839852	2.21485
948	0.0861396	2.22901
949	0.0953128	2.19667
950	0.10266	2.18509
951	0.108507	2.18494
952	0.113131	2.19109
953	0.132322	2.08588
954	0.147324	2.03957
955	0.158987	2.0221
956	0.168006	2.01965
957	0.174945	2.02503
958	0.202995	1.92607
959	0.224392	1.88511
960	0.240653	1.87174
961	0.252969	1.87218
962	0.302049	1.73772
963	0.33904	1.68374
964	0.366871	1.66543
965	0.387788	1.66419
966	0.403498	1.67111
967	0.415299	1.68161
968	0.424168	1.69321
969	0.430842	1.70462
970	0.457397	1.69813
971	0.477458	1.70152
972	0.49265	1.70945
973	0.504182	1.71912
974	0.512959	1.72905
975	0.519653	1.73844
976	0.524769	1.74694
977	0.528682	1.75441
978	0.531676	1.76082
979	0.533963	1.76624
980	0.535704	1.77072
981	0.537021	1.77437
982	0.538004	1.77724
983	0.53872	1.77941
984	0.539218	1.78093
985	0.539528	1.78183
986	0.539666	1.7821
987	0.539635	1.78175
988	0.540537	1.78415
989	0.541147	1.78587
990	0.541519	1.78692
991	0.541683	1.78734
992	0.541654	1.78713
993	0.541427	1.78628
994	0.540979	1.78477
995	0.540267	1.78256
996	0.539224	1.77961
997	0.537756	1.77587
998	0.535733	1.7713
999	0.53298	1.76589
1000	0.532349	1.76383
1001	0.531454	1.76107
1002	0.530225	1.75752
1003	0.528565	1.75311
1004	0.526345	1.74775
1005	0.523386	1.74136
1006	0.519452	1.73389
1007	0.514221	1.72538
1008	0.507264	1.71602
1009	0.497996	1.70629
1010	0.485633	1.69721
1011	0.469111	1.69076
1012	0.446998	1.69071
1013	0.417365	1.70441
1014	0.377627	1.74703
1015	0.324331	1.85367
1016	0.310789	1.85045
1017	0.307355	1.8404
1018	0.302764	1.82962
1019	0.296642	1.81877
1020	0.288506	1.80911
1021	0.277733	1.80285
1022	0.26353	1.80391
1023	0.24489	1.81937
1024	0.220549	1.86316
1025	0.188932	1.96586
1026	0.148091	2.20988
1027	0.138147	2.22856
1028	0.125448	2.27269
1029	0.10933	2.36603
1030	0.105478	2.36041
1031	0.100646	2.35956
1032	0.0946254	2.36714
1033	0.0871696	2.38938
1034	0.0779949	2.43772
1035	0.0758704	2.42537
1036	0.0732877	2.4135
1037	0.0701679	2.403
1038	0.0664229	2.39524
1039	0.061955	2.39229
1040	0.0566567	2.39754
1041	0.0504109	2.41697
1042	0.0430903	2.46231
1043	0.0345579	2.5606
1044	0.0246664	2.7922
1045	0.0225039	2.77807
1046	0.0200219	2.76695
1047	0.0171862	2.76145
1048	0.0139603	2.76715
1049	0.0103047	2.79918
1050	0.0061766	2.91877
1051	0.00152911	3.98987
1052	0.000539754	4.79847
1053	0.00032962	4.96856
1054	9.45057e-05	6.17618
1055	4.47014e-05	6.96536
1056	3.4223e-05	7.13229
1057	2.24564e-05	7.51707
1058	2.02582e-05	7.59034
1059	1.76336e-05	7.66771
1060	1.45671e-05	7.76697
1061	1.10231e-05	7.92815
1062	6.94603e-06	8.29442
1063	6.28695e-06	8.40606
1064	5.41002e-06	8.50578
1065	4.30615e-06	8.6105
1066	2.95045e-06	8.75747
1067	1.30105e-06	9.17496
1068	1.02629e-06	9.33267
1069	6.39811e-07	9.48827
1070	1.23361e-07	10.0179
1071	3.19872e-08	10.8139
1072	1.6863e-08	11.366
1073	6.13777e-08	11.5181
1074	5.72011e-08	11.5407
1075	4.14156e-09	11.8761
1076	2.90088e-10	11.9957
1077	1.66304e-09	11.9559
1078	4.63533e-08	11.7202
1079	4.13046e-08	11.8051
1080	2.15547e-07	11.5645
1081	2.94676e-07	11.5685
1082	2.91373e-07	11.585
1083	2.0714e-07	11.6426
1084	3.71524e-07	11.533
1085	4.3822e-07	11.5131
1086	4.14304e-07	11.5037
1087	2.95028e-07	11.5037
1088	6.35547e-08	11.7542
1089	6.04367e-08	11.6997
1090	2.41733e-09	11.951
1091	3.74562e-10	11.9942
1092	1.18594e-09	12
1093	2.91689e-08	11.7416
1094	3.55097e-07	11.4439
1095	5.45704e-07	11.4476
1096	1.94031e-06	11.1365
1097	2.91633e-06	11.1215
1098	3.56228e-06	11.1274
1099	3.93968e-06	11.1343
1100	4.08612e-06	11.1381
1101	5.92889e-06	11.0455
1102	7.21544e-06	11.0251
1103	8.05962e-06	11.0226
1104	8.53863e-06	11.0237
1105	8.69723e-06	11.0229
1106	8.55078e-06	11.0187
1107	8.08626e-06	11.0116
1108	7.26152e-06	11.0049
1109	6.00306e-06	11.0088
1110	4.20176e-06	11.0598
1111	1.70688e-06	11.4653
1112	1.28952e-06	11.52
1113	1.54838e-06	11.4777
1114	1.64666e-06	11.4623
1115	1.5936e-06	11.4538
1116	1.38132e-06	11.4489
1117	9.84356e-07	11.4602
1118	3.58631e-07	11.6467
1119	3.42485e-07	11.6188
1120	2.36969e-07	11.5974
1121	2.30223e-08	11.6583
1122	1.20519e-08	11.4574
1123	3.87409e-08	11.6196
1124	2.35383e-08	11.661
1125	1.00975e-07	11.6441
1126	1.15105e-07	11.6679
1127	4.29064e-07	11.4318
1128	6.06808e-07	11.4264
1129	6.71055e-07	11.4311
1130	6.3081e-07	11.436
1131	4.81838e-07	11.4547
1132	2.06575e-07	11.6322
1133	2.29615e-07	11.6109
1134	1.77783e-07	11.6083
1135	4.22755e-08	11.8013
1136	6.89749e-08	11.7384
1137	4.03765e-08	11.7905
1138	1.5419e-07	11.5835
1139	1.93288e-07	11.5786
1140	1.63294e-07	11.5903
1141	5.93034e-08	11.7454
1142	9.89994e-08	11.6456
1143	8.24245e-08	11.622
1144	4.63282e-09	11.9039
1145	1.32397e-09	11.9503
1146	2.67045e-08	11.6853
1147	1.1406e-08	11.8492
1148	5.9364e-08	11.6109
1149	5.73377e-08	11.6025
1150	4.78036e-09	11.9096
1151	9.35094e-09	11.8506
1152	1.04555e-07	11.5227
1153	1.34935e-07	11.5236
1154	1.05437e-07	11.5262
1155	1.18499e-08	11.8621
1156	1.20623e-08	11.8641
1157	1.13147e-07	11.5378
1158	1.47002e-07	11.5402
1159	1.18861e-07	11.5497
1160	2.46479e-08	11.7939
1161	3.53735e-08	11.6948
1162	1.57514e-09	11.9559
1163	6.06167e-09	11.8985
1164	1.02949e-07	11.6044
1165	1.32218e-07	11.625
1166	1.00413e-07	11.6822
1167	2.5633e-07	11.5037
1168	3.23908e-07	11.4839
1169	3.10958e-07	11.4733
1170	2.14323e-07	11.4634
1171	1.99734e-08	11.7987
1172	2.53707e-09	11.9539
1173	2.85831e-08	11.7027
1174	1.26171e-08	11.8597
1175	7.27925e-08	11.6362
1176	7.74461e-08	11.6456
1177	2.80408e-08	11.8052
1178	7.29874e-08	11.6369
1179	6.5926e-08	11.6174
1180	4.27868e-09	11.9005
1181	2.1028e-09	11.9369
1182	3.45633e-08	11.7023
1183	2.29312e-08	11.8135
1184	1.3055e-07	11.6145
1185	1.65602e-07	11.6223
1186	1.34905e-07	11.6586
1187	3.53312e-07	11.4907
1188	1.68757e-06	11.0476
1189	2.60916e-06	11.0405
1190	3.21099e-06	11.0538
1191	3.55607e-06	11.066
1192	3.68205e-06	11.0725
1193	3.60397e-06	11.0728
1194	3.31556e-06	11.069
1195	2.78898e-06	11.0684
1196	1.97324e-06	11.0975
1197	7.90821e-07	11.3876
1198	6.19607e-07	11.4012
1199	3.11156e-07	11.4883
1200	3.93639e-07	11.5189
1201	3.77572e-07	11.5294
1202	9.10326e-07	11.4201
1203	1.237e-06	11.4202
1204	1.39612e-06	11.4287
1205	1.40789e-06	11.4363
1206	1.27547e-06	11.4463
1207	9.84756e-07	11.4795
1208	1.23498e-06	11.4594
1209	1.33447e-06	11.4554
1210	1.29392e-06	11.4537
1211	1.10755e-06	11.4561
1212	7.52714e-07	11.4894
1213	8.88893e-07	11.4641
1214	9.08216e-07	11.4489
1215	8.09147e-07	11.4287
1216	5.75504e-07	11.3961
1217	1.75436e-07	11.3132
1218	1.57198e-07	11.2398
1219	7.34457e-08	10.7259
1220	7.65545e-08	10.7735
1221	2.0681e-07	11.3126
1222	2.56081e-07	11.3936
1223	8.44066e-07	11.3341
1224	1.21427e-06	11.3508
1225	1.4103e-06	11.3669
1226	1.45753e-06	11.3787
1227	1.36457e-06	11.3902
1228	1.12411e-06	11.4184
1229	1.42876e-06	11.3991
1230	1.56751e-06	11.3959
1231	1.55607e-06	11.3943
1232	1.39309e-06	11.3941
1233	1.05993e-06	11.4112
1234	5.19733e-07	11.5654
1235	5.2964e-07	11.5598
1236	4.3621e-07	11.5621
1237	2.25515e-07	11.6232
1238	3.11526e-07	11.577
1239	3.15657e-07	11.5622
1240	2.35451e-07	11.5529
1241	5.59913e-08	11.646
1242	6.40882e-08	11.6263
1243	2.17609e-08	11.5678
1244	4.34578e-08	11.6171
1245	2.27108e-08	11.6163
1246	8.44014e-08	11.6689
1247	6.0539e-07	11.3391
1248	9.3173e-07	11.3485
1249	1.10243e-06	11.3631
1250	1.13963e-06	11.3748
1251	1.05017e-06	11.3879
1252	8.26062e-07	11.4235
1253	1.05692e-06	11.391
1254	1.14986e-06	11.3794
1255	1.11452e-06	11.369
1256	9.4523e-07	11.3565
1257	6.20837e-07	11.3535
1258	1.03615e-07	11.7147
1259	4.92264e-08	11.7729
1260	2.0181e-07	11.6406
1261	2.62241e-07	11.6496
1262	2.41245e-07	11.6772
1263	6.13622e-07	11.501
1264	8.27515e-07	11.4894
1265	9.09254e-07	11.4935
1266	8.69827e-07	11.5028
1267	7.05535e-07	11.5317
1268	9.94598e-07	11.4667
1269	1.1365e-06	11.4503
1270	1.14577e-06	11.4429
1271	1.02164e-06	11.4383
1272	7.47816e-07	11.4498
1273	2.91403e-07	11.6355
1274	2.8822e-07	11.6071
1275	2.01481e-07	11.589
1276	1.53216e-08	11.8594
1277	9.31781e-09	11.8667
1278	1.09177e-07	11.6161
1279	1.39708e-07	11.6352
1280	1.07597e-07	11.6903
1281	2.76843e-07	11.5168
1282	3.5255e-07	11.5005
1283	3.44066e-07	11.4952
1284	2.49365e-07	11.4983
1285	5.50559e-08	11.7489
1286	5.50398e-08	11.6931
1287	2.40603e-09	11.9539
1288	4.60494e-09	11.9079
1289	7.97489e-08	11.6193
1290	9.50581e-08	11.642
1291	5.47982e-08	11.7449
1292	1.47071e-07	11.5776
1293	1.70716e-07	11.5594
1294	1.28513e-07	11.5524
1295	1.33867e-08	11.8742
1296	1.4099e-08	11.875
1297	1.50034e-07	11.5741
1298	2.04356e-07	11.5868
1299	1.87238e-07	11.6129
1300	9.81831e-08	11.7481
1301	1.90911e-07	11.6516
1302	2.07447e-07	11.6461
1303	1.50285e-07	11.6794
1304	3.14569e-07	11.512
1305	3.86027e-07	11.4833
1306	3.72068e-07	11.4649
1307	2.68365e-07	11.4393
1308	5.87681e-08	11.3874
1309	5.17e-08	11.1501
1310	1.3712e-07	10.9936
1311	1.62255e-07	10.8589
1312	1.29645e-07	10.5055
1313	2.09949e-07	10.2485
1314	2.30894e-07	9.97011
1315	4.03933e-07	9.47426
1316	1.06444e-06	8.60966
1317	3.69733e-06	7.86881
1318	5.50222e-06	7.80884
1319	6.70834e-06	7.79402
1320	1.18013e-05	7.66287
1321	1.53128e-05	7.66171
1322	1.76901e-05	7.67603
1323	1.92438e-05	7.6832
1324	2.0183e-05	7.67418
1325	2.48775e-05	7.70926
1326	2.80839e-05	7.74454
1327	3.02157e-05	7.76917
1328	3.15541e-05	7.77861
1329	3.22829e-05	7.76966
1330	3.66964e-05	7.83891
1331	3.97004e-05	7.88972
1332	4.16755e-05	7.92277
1333	4.28791e-05	7.93802
1334	4.34761e-05	7.93457
1335	4.356e-05	7.91032
1336	4.31649e-05	7.86137
1337	4.22732e-05	7.78101
1338	4.33571e-05	7.81386
1339	4.39204e-05	7.82509
1340	4.78231e-05	7.96037
1341	5.05008e-05	8.05299
1342	5.22759e-05	8.11502
1343	5.33675e-05	8.1527
1344	5.39155e-05	8.1691
1345	5.39978e-05	8.16518
1346	5.36406e-05	8.14
1347	5.28236e-05	8.09044
1348	5.14826e-05	8.01058
1349	4.95073e-05	7.89011
1350	4.6735e-05	7.71087
1351	4.65025e-05	7.69131
1352	4.79258e-05	7.78558
1353	4.88504e-05	7.84617
1354	4.93729e-05	7.88038
1355	4.95471e-05	7.89211
1356	4.93879e-05	7.8827
1357	4.88701e-05	7.85119
1358	5.0009e-05	7.92502
1359	5.06903e-05	7.97022
1360	5.0969e-05	7.99217
1361	5.08543e-05	7.99363
1362	5.03058e-05	7.97538
1363	4.92241e-05	7.93666
1364	4.74336e-05	7.87527
1365	4.46547e-05	7.78722
1366	4.04625e-05	7.66552
1367	3.9641e-05	7.64863
1368	3.82157e-05	7.61589
1369	3.5942e-05	7.56842
1370	3.57194e-05	7.59105
1371	3.50577e-05	7.59732
1372	3.38356e-05	7.59147
1373	3.18525e-05	7.57857
1374	2.88036e-05	7.56769
1375	2.82952e-05	7.59198
1376	2.72937e-05	7.60309
1377	2.56533e-05	7.60811
1378	2.31488e-05	7.61812
1379	2.28733e-05	7.66655
1380	2.21626e-05	7.69519
1381	2.0926e-05	7.71245
1382	1.90138e-05	7.7286
1383	1.62022e-05	7.76293
1384	1.21723e-05	7.87162
1385	1.12952e-05	7.9024
1386	9.94723e-06	7.9329
1387	1.00231e-05	8.05474
1388	9.8004e-06	8.13002
1389	9.25854e-06	8.17487
1390	8.34411e-06	8.20141
1391	6.96589e-06	8.2238
1392	4.98701e-06	8.27598
1393	2.213e-06	8.58774
1394	1.59437e-06	8.68135
1395	6.94182e-07	9.03572
1396	5.07761e-07	9.20475
1397	2.06016e-07	9.61852
1398	1.5441e-07	9.91545
1399	4.03436e-08	10.4809
1400	1.68263e-08	10.9913
1401	2.94989e-08	11.3963
1402	3.12393e-09	11.6852
1403	4.69082e-10	11.9757
1404	2.90088e-10	11.9957
1405	3.31033e-10	11.9973
1406	8.38676e-09	11.8392
1407	1.13103e-07	11.5373
1408	1.48617e-07	11.5444
1409	1.2182e-07	11.5593
1410	3.01053e-08	11.8177
1411	5.43143e-08	11.7535
1412	2.67347e-08	11.8765
1413	1.406e-07	11.6571
1414	1.77057e-07	11.6677
1415	1.43684e-07	11.7163
1416	3.75949e-07	11.5434
1417	4.91779e-07	11.5323
1418	5.07042e-07	11.5358
1419	4.2449e-07	11.5523
1420	2.34064e-07	11.6593
1421	3.2318e-07	11.606
1422	3.26212e-07	11.5914
1423	2.42465e-07	11.593
1424	5.89701e-08	11.831
1425	8.42247e-08	11.7706
1426	4.90867e-08	11.8386
1427	1.84749e-07	11.6002
1428	2.37545e-07	11.5944
1429	2.15054e-07	11.6076
1430	1.13825e-07	11.7016
1431	1.98857e-07	11.5932
1432	2.12292e-07	11.5689
1433	1.53635e-07	11.5545
1434	1.20479e-08	11.8526
1435	3.6219e-09	11.9141
1436	5.43212e-08	11.6959
1437	5.29959e-08	11.7498
1438	2.5111e-07	11.5216
1439	3.46286e-07	11.5206
1440	3.53836e-07	11.5283
1441	2.76816e-07	11.5525
1442	1.06396e-07	11.7822
1443	1.56472e-07	11.749
1444	1.33796e-07	11.787
1445	4.38431e-07	11.5573
1446	6.04183e-07	11.549
1447	6.53627e-07	11.5569
1448	5.94791e-07	11.5754
1449	4.21593e-07	11.6438
1450	6.24142e-07	11.5785
1451	7.04534e-07	11.5662
1452	6.72174e-07	11.5674
1453	5.22426e-07	11.5923
1454	7.71601e-07	11.4968
1455	8.90574e-07	11.4703
1456	8.90955e-07	11.4553
1457	7.69764e-07	11.4409
1458	5.09002e-07	11.4341
1459	7.47255e-08	11.781
1460	3.7376e-08	11.842
1461	1.31062e-07	11.584
1462	1.58389e-07	11.5661
1463	1.2222e-07	11.5622
1464	1.54877e-08	11.8211
1465	1.22331e-08	11.8008
1466	6.64899e-08	11.5361
1467	7.04385e-08	11.5072
1468	2.43026e-08	11.3705
1469	3.49638e-08	11.1198
1470	1.60018e-07	11.0887
1471	2.08303e-07	11.0283
1472	7.39224e-07	11.009
1473	1.06828e-06	11.0238
1474	1.23742e-06	11.0256
1475	2.59075e-06	10.9168
1476	3.51629e-06	10.9181
1477	4.10878e-06	10.9296
1478	4.43095e-06	10.9366
1479	4.51848e-06	10.9345
1480	4.38283e-06	10.9212
1481	4.01249e-06	10.8951
1482	4.61945e-06	10.9023
1483	4.95345e-06	10.9059
1484	5.04853e-06	10.9001
1485	4.91408e-06	10.8809
1486	4.53586e-06	10.8436
1487	3.87568e-06	10.7779
1488	2.86935e-06	10.6513
1489	1.42357e-06	10.2532
1490	1.23389e-06	10.0412
1491	1.47473e-06	10.1758
1492	1.58432e-06	10.2055
1493	1.57688e-06	10.1564
1494	1.45073e-06	10.007
1495	1.74773e-06	10.1255
1496	1.89911e-06	10.1576
1497	1.92465e-06	10.1263
1498	1.82719e-06	10.0204
1499	1.59283e-06	9.78665
1500	1.74173e-06	9.83488
1501	1.77779e-06	9.80699
1502	2.41022e-06	10.0154
1503	2.79667e-06	10.1055
1504	2.99136e-06	10.1366
1505	3.02435e-06	10.1201
1506	2.9042e-06	10.0499
1507	2.61963e-06	9.89967
1508	2.87022e-06	9.98766
1509	2.95952e-06	10.0082
1510	2.90308e-06	9.96809
1511	2.69639e-06	9.85268
1512	3.02894e-06	9.99597
1513	3.18611e-06	10.0561
1514	3.18975e-06	10.0552
1515	3.04097e-06	9.99265
1516	2.72048e-06	9.8444
1517	2.93099e-06	9.95611
1518	2.9938e-06	9.99295
1519	2.91546e-06	9.96755
1520	2.68324e-06	9.87025
1521	2.96459e-06	10.0135
1522	3.08757e-06	10.0771
1523	3.06504e-06	10.084
1524	2.891e-06	10.0358
1525	2.5396e-06	9.91241
1526	1.96283e-06	9.63312
1527	1.93579e-06	9.64059
1528	1.80662e-06	9.56079
1529	2.05675e-06	9.81262
1530	2.16836e-06	9.92112
1531	2.15874e-06	9.94204
1532	2.02869e-06	9.8848
1533	2.46093e-06	10.1617
1534	2.70103e-06	10.2879
1535	2.7773e-06	10.3362
1536	2.69931e-06	10.3274
1537	2.45814e-06	10.2584
1538	2.91122e-06	10.4278
1539	3.1566e-06	10.5069
1540	3.21812e-06	10.5338
1541	4.48665e-06	10.6665
1542	5.35044e-06	10.7364
1543	5.88819e-06	10.7775
1544	6.14898e-06	10.7997
1545	6.15513e-06	10.8067
1546	5.90312e-06	10.8008
1547	5.36247e-06	10.7844
1548	4.47294e-06	10.762
1549	3.13961e-06	10.7489
1550	3.07899e-06	10.7573
1551	2.82035e-06	10.7477
1552	2.32879e-06	10.7223
1553	1.5435e-06	10.6835
1554	3.73528e-07	10.6586
1555	1.94625e-07	10.5329
1556	2.31383e-07	10.8057
1557	2.00061e-07	10.8974
1558	9.55083e-08	10.8975
1559	1.29138e-07	11.1461
1560	1.05235e-07	11.2216
1561	1.87413e-08	11.3402
1562	1.21086e-08	11.5636
1563	5.88244e-08	11.5571
1564	5.64734e-08	11.5634
1565	4.67992e-09	11.8969
1566	4.04567e-09	11.9079
1567	5.32468e-08	11.5845
1568	5.38955e-08	11.5864
1569	5.93922e-09	11.8396
1570	7.0167e-09	11.5813
1571	5.37268e-08	11.3687
1572	5.27434e-08	11.2042
1573	1.84346e-07	11.0274
1574	2.41024e-07	10.9374
1575	2.28865e-07	10.7553
1576	1.44085e-07	10.1614
1577	2.05254e-07	9.84063
1578	5.30016e-07	9.35091
1579	7.31656e-07	9.16877
1580	8.29771e-07	8.96221
1581	1.46589e-06	8.68353
1582	1.88641e-06	8.56098
1583	2.13294e-06	8.43993
1584	3.4319e-06	8.22821
1585	4.31798e-06	8.15244
1586	4.88727e-06	8.09327
1587	7.53327e-06	7.94311
1588	9.36159e-06	7.90787
1589	1.05847e-05	7.8914
1590	1.1349e-05	7.86743
1591	1.17481e-05	7.82182
1592	1.42297e-05	7.81988
1593	1.59127e-05	7.82746
1594	1.70054e-05	7.8267
1595	1.76439e-05	7.80857
1596	1.79077e-05	7.76529
1597	1.78307e-05	7.68715
1598	1.93773e-05	7.70108
1599	2.0393e-05	7.70218
1600	2.09924e-05	7.68576
1601	2.4318e-05	7.69748
1602	2.66564e-05	7.70988
1603	3.66831e-05	7.64822
1604	4.3908e-05	7.64722
1605	4.90599e-05	7.66025
1606	5.26683e-05	7.67344
1607	5.5112e-05	7.68083
1608	5.6656e-05	7.67894
1609	5.74755e-05	7.66482
1610	5.76723e-05	7.63514
1611	5.72848e-05	7.58544
1612	5.62939e-05	7.50918
1613	5.77582e-05	7.51977
1614	5.85486e-05	7.5169
1615	5.87814e-05	7.49842
1616	5.85099e-05	7.46112
1617	5.77321e-05	7.40007
1618	5.89805e-05	7.42413
1619	5.96552e-05	7.43273
1620	6.37499e-05	7.53107
1621	6.6527e-05	7.60211
1622	6.83505e-05	7.65127
1623	6.94627e-05	7.68163
1624	7.00148e-05	7.69473
1625	7.00862e-05	7.69084
1626	6.9697e-05	7.66893
1627	6.88118e-05	7.62643
1628	6.73369e-05	7.55858
1629	6.78313e-05	7.57983
1630	7.14852e-05	7.71571
1631	7.40485e-05	7.80978
1632	7.57803e-05	7.87389
1633	7.68515e-05	7.91502
1634	7.73621e-05	7.93726
1635	7.73502e-05	7.94283
1636	7.67945e-05	7.93245
1637	7.56098e-05	7.90557
1638	7.36371e-05	7.86034
1639	7.06242e-05	7.79335
1640	6.61957e-05	7.6986
1641	5.98073e-05	7.56487
1642	5.06822e-05	7.367
1643	4.85619e-05	7.3007
1644	4.8367e-05	7.30857
1645	5.01479e-05	7.44458
1646	5.13342e-05	7.53629
1647	5.20121e-05	7.59565
1648	5.22238e-05	7.63006
1649	5.19662e-05	7.6442
1650	5.44924e-05	7.79742
1651	5.61936e-05	7.90124
1652	5.71957e-05	7.97038
1653	5.75663e-05	8.01381
1654	5.73164e-05	8.03742
1655	5.63972e-05	8.0453
1656	5.4693e-05	8.04073
1657	5.20091e-05	8.02693
1658	4.80544e-05	8.00835
1659	4.2416e-05	7.99318
1660	3.45242e-05	8.00184
1661	3.28854e-05	8.0041
1662	3.04069e-05	7.99852
1663	2.68441e-05	7.9924
1664	2.18544e-05	8.00256
1665	2.09607e-05	8.0245
1666	1.95066e-05	8.0322
1667	1.73486e-05	8.0318
1668	1.42758e-05	8.03461
1669	9.99095e-06	8.07764
1670	4.08279e-06	8.46682
1671	2.73028e-06	8.61781
1672	2.48412e-06	8.70281
1673	2.05906e-06	8.77307
1674	2.20212e-06	9.04373
1675	2.18926e-06	9.19425
1676	2.02128e-06	9.27927
1677	1.68066e-06	9.3282
1678	1.12937e-06	9.37379
1679	3.05601e-07	9.71839
1680	1.3324e-07	10.0339
1681	1.16423e-07	10.3794
1682	4.56674e-08	10.6826
1683	5.05958e-08	11.0775
1684	1.18931e-08	11.3805
1685	1.07977e-08	11.6493
1686	6.68644e-08	11.5504
1687	7.00946e-08	11.5504
1688	2.2142e-08	11.5668
1689	4.91738e-08	11.5471
1690	2.94121e-08	11.4503
1691	1.03452e-07	11.4825
1692	1.16362e-07	11.4789
1693	7.12832e-08	11.4191
1694	1.78829e-07	11.457
1695	9.60532e-07	11.1716
1696	1.47701e-06	11.1782
1697	1.78491e-06	11.1911
1698	1.92003e-06	11.1987
1699	1.89902e-06	11.1995
1700	2.76464e-06	11.1348
1701	3.32727e-06	11.1232
1702	3.64292e-06	11.1211
1703	3.74321e-06	11.1173
1704	3.63758e-06	11.1079
1705	3.31402e-06	11.0922
1706	2.73852e-06	11.0719
1707	1.85322e-06	11.0571
1708	5.73357e-07	11.1725
1709	3.92896e-07	11.0247
1710	6.26001e-07	11.1006
1711	2.14963e-06	10.8877
1712	3.24017e-06	10.8782
1713	3.98769e-06	10.8808
1714	4.4551e-06	10.8804
1715	7.34596e-06	10.6972
1716	9.45989e-06	10.6507
1717	1.09604e-05	10.6354
1718	1.19655e-05	10.6278
1719	1.25545e-05	10.6195
1720	1.27724e-05	10.6063
1721	1.26323e-05	10.5857
1722	1.21163e-05	10.5551
1723	1.1174e-05	10.5114
1724	9.71927e-06	10.4482
1725	7.62455e-06	10.3483
1726	4.71384e-06	10.136
1727	4.30807e-06	9.97939
1728	3.60604e-06	9.70855
1729	2.54041e-06	9.10043
1730	2.59064e-06	8.88235
1731	3.41656e-06	8.54383
1732	6.74202e-06	7.74303
1733	9.07416e-06	7.56289
1734	1.82663e-05	7.03115
1735	2.46771e-05	6.94506
1736	2.90743e-05	6.93348
1737	3.20161e-05	6.9377
1738	3.38987e-05	6.93868
1739	3.49935e-05	6.92707
1740	3.54742e-05	6.89604
1741	3.54368e-05	6.83843
1742	3.74932e-05	6.85659
1743	3.87258e-05	6.86361
1744	3.93568e-05	6.85469
1745	4.26393e-05	6.89338
1746	4.47203e-05	6.92381
1747	4.59795e-05	6.94162
1748	5.12451e-05	7.01205
1749	5.46989e-05	7.06861
1750	5.69309e-05	7.10948
1751	5.83175e-05	7.13447
1752	5.90918e-05	7.14356
1753	5.93844e-05	7.136
1754	5.92529e-05	7.10981
1755	5.86972e-05	7.06129
1756	5.99273e-05	7.09226
1757	6.59658e-05	7.22394
1758	7.03619e-05	7.31591
1759	7.35353e-05	7.38068
1760	7.57777e-05	7.42488
1761	7.72841e-05	7.45191
1762	7.81779e-05	7.46321
1763	7.85252e-05	7.45874
1764	8.27902e-05	7.53868
1765	0.000101692	7.72033
1766	0.000115927	7.84185
1767	0.000126582	7.93057
1768	0.000134482	7.99743
1769	0.00016862	8.10165
1770	0.000194263	8.18384
1771	0.000213419	8.25089
1772	0.000227622	8.30563
1773	0.000238028	8.34961
1774	0.000245505	8.38383
1775	0.000250686	8.40896
1776	0.000254021	8.42548
1777	0.000255807	8.43363
1778	0.000256207	8.43339
1779	0.000255268	8.42448
1780	0.000252919	8.4063
1781	0.000248967	8.37782
1782	0.000243082	8.33754
1783	0.000234769	8.28323
1784	0.000223324	8.21156
1785	0.000207777	8.11715
1786	0.000186801	7.99025
1787	0.000158591	7.80975
1788	0.000120702	7.51544
1789	0.000111748	7.37434
1790	0.000109986	7.34076
1791	0.000107312	7.29092
1792	0.000103454	7.22166
1793	9.80098e-05	7.1277
1794	9.04034e-05	6.99951
1795	8.87499e-05	6.96615
1796	8.62896e-05	6.91819
1797	8.27264e-05	6.8526
1798	8.20497e-05	6.84284
1799	8.09099e-05	6.82288
1800	7.91535e-05	6.79201
1801	7.90848e-05	6.80346
1802	7.86592e-05	6.80343
1803	7.78102e-05	6.7928
1804	7.64093e-05	6.77152
1805	7.66792e-05	6.80058
1806	8.01465e-05	6.9732
1807	8.26158e-05	7.09272
1808	8.42727e-05	7.17464
1809	8.52378e-05	7.22847
1810	8.557e-05	7.26027
1811	8.52664e-05	7.27396
1812	8.4254e-05	7.27206
1813	8.23766e-05	7.25629
1814	7.9372e-05	7.22804
1815	7.48393e-05	7.18903
1816	6.81923e-05	7.14253
1817	5.85959e-05	7.09656
1818	5.64013e-05	7.08045
1819	5.71815e-05	7.16035
1820	5.72812e-05	7.21119
1821	5.66872e-05	7.24024
1822	5.5321e-05	7.25275
1823	5.30327e-05	7.25311
1824	4.95905e-05	7.24589
1825	4.46663e-05	7.23758
1826	3.78172e-05	7.24097
1827	2.84626e-05	7.29207
1828	1.58544e-05	7.5729
1829	1.29383e-05	7.61248
1830	8.99058e-06	7.72781
1831	3.73516e-06	8.36175
1832	2.56213e-06	8.65528
1833	2.43023e-06	8.8525
1834	2.1406e-06	9.02356
1835	1.68455e-06	9.23346
1836	1.86448e-06	9.56691
1837	1.88948e-06	9.76322
1838	1.77257e-06	9.89361
1839	1.51153e-06	9.99089
1840	1.08862e-06	10.0831
1841	4.68727e-07	10.2908
1842	3.88665e-07	10.4252
1843	2.21903e-07	10.4817
1844	2.70777e-07	10.7927
1845	2.48075e-07	10.8993
1846	1.51332e-07	10.8978
1847	2.30242e-07	11.1245
1848	2.374e-07	11.1896
1849	1.71669e-07	11.2039
1850	2.09452e-08	11.2595
1851	3.73584e-09	11.4101
1852	1.65146e-09	11.7628
1853	4.6786e-09	11.8897
1854	7.7315e-08	11.6487
1855	9.0474e-08	11.6774
1856	3.64062e-07	11.4106
1857	5.15848e-07	11.4029
1858	5.64365e-07	11.4041
1859	5.15736e-07	11.4028
1860	3.63878e-07	11.4105
1861	9.02523e-08	11.6788
1862	7.70334e-08	11.6502
1863	4.27655e-09	11.9283
1864	5.0057e-09	11.9082
1865	8.69129e-08	11.6473
1866	1.05629e-07	11.674
1867	6.69806e-08	11.7842
1868	2.21799e-07	11.633
1869	2.84229e-07	11.6323
1870	2.65053e-07	11.6532
1871	6.54389e-07	11.4654
1872	8.82876e-07	11.4463
1873	9.76955e-07	11.4437
1874	1.95785e-06	11.229
1875	2.6191e-06	11.1981
1876	3.0248e-06	11.195
1877	3.21484e-06	11.1959
1878	3.20743e-06	11.1942
1879	3.00063e-06	11.1893
1880	2.57192e-06	11.1857
1881	1.87706e-06	11.2032
1882	8.4687e-07	11.3916
1883	7.37562e-07	11.3771
1884	4.98852e-07	11.3552
1885	1.00621e-07	11.3332
1886	6.39225e-08	11.0872
1887	9.55981e-08	11.118
1888	8.34366e-08	10.9475
1889	1.37549e-07	10.8493
1890	1.40141e-07	10.6512
1891	2.74742e-07	10.5175
1892	3.30295e-07	10.3951
1893	3.15853e-07	10.1498
1894	5.41075e-07	10.1548
1895	1.87908e-06	10.1849
1896	2.78982e-06	10.2231
1897	3.37559e-06	10.2445
1898	6.59938e-06	10.1804
1899	8.89618e-06	10.2028
1900	1.04871e-05	10.2318
1901	1.153e-05	10.2543
1902	1.2133e-05	10.2658
1903	1.23621e-05	10.264
1904	1.2247e-05	10.2464
1905	1.17842e-05	10.2096
1906	1.09367e-05	10.1472
1907	1.15798e-05	10.1765
1908	1.18673e-05	10.1862
1909	1.18333e-05	10.1754
1910	1.14798e-05	10.1408
1911	1.07785e-05	10.075
1912	9.67039e-06	9.96164
1913	8.06314e-06	9.75937
1914	5.82661e-06	9.32878
1915	5.51573e-06	9.21074
1916	4.98444e-06	8.98387
1917	4.18246e-06	8.54574
1918	4.16542e-06	8.52829
1919	4.76645e-06	8.86183
1920	5.14494e-06	9.03808
1921	7.42398e-06	9.58122
1922	9.04419e-06	9.8221
1923	1.01562e-05	9.95428
1924	1.08663e-05	10.0303
1925	1.12448e-05	10.0698
1926	1.13315e-05	10.0807
1927	1.11367e-05	10.0655
1928	1.06425e-05	10.0218
1929	9.80159e-06	9.94157
1930	8.53307e-06	9.80345
1931	8.5996e-06	9.81502
1932	8.43111e-06	9.79
1933	8.00808e-06	9.72333
1934	7.28344e-06	9.59899
1935	6.17779e-06	9.37435
1936	4.57144e-06	8.90837
1937	4.3298e-06	8.79928
1938	3.89835e-06	8.57807
1939	4.01103e-06	8.67592
1940	5.18526e-06	9.22166
1941	5.98633e-06	9.48503
1942	6.4878e-06	9.62702
1943	6.73642e-06	9.70116
1944	6.75341e-06	9.72927
1945	6.53433e-06	9.72022
1946	7.44889e-06	9.88364
1947	8.01403e-06	9.97838
1948	8.27833e-06	10.0327
1949	8.26147e-06	10.0594
1950	7.95436e-06	10.0657
1951	7.31775e-06	10.0567
1952	6.27887e-06	10.0383
1953	4.72583e-06	10.0244
1954	2.49858e-06	10.0868
1955	2.11158e-06	10.0962
1956	1.48185e-06	10.093
1957	5.36939e-07	10.1365
1958	3.76157e-07	10.1807
1959	3.71221e-07	10.2945
1960	6.33013e-07	10.777
1961	7.6941e-07	10.9178
1962	8.007e-07	10.9669
1963	1.47518e-06	11.0595
1964	1.90482e-06	11.1026
1965	2.13695e-06	11.1264
1966	2.1983e-06	11.1367
1967	2.09683e-06	11.1368
1968	1.82244e-06	11.1324
1969	1.34595e-06	11.1412
1970	6.16911e-07	11.2896
1971	5.49583e-07	11.2993
1972	3.7096e-07	11.2937
1973	5.38883e-07	11.3657
1974	5.94898e-07	11.3958
1975	5.46576e-07	11.4091
1976	3.87403e-07	11.425
1977	5.75266e-07	11.4284
1978	6.49053e-07	11.4373
1979	6.16942e-07	11.4419
1980	4.73384e-07	11.4511
1981	1.98347e-07	11.5649
1982	2.32112e-07	11.5647
1983	1.90933e-07	11.5698
1984	6.64745e-08	11.6643
1985	1.06166e-07	11.6122
1986	8.89047e-08	11.6009
1987	9.29205e-09	11.783
1988	1.02666e-08	11.8398
1989	1.15729e-07	11.6227
1990	1.49425e-07	11.644
1991	1.19119e-07	11.7015
1992	3.13207e-07	11.5315
1993	4.04385e-07	11.5192
1994	4.04823e-07	11.5198
1995	3.14763e-07	11.5337
1996	1.22661e-07	11.7086
1997	1.56753e-07	11.6546
1998	1.24918e-07	11.641
1999	2.00748e-08	11.8613
2000	3.27046e-08	11.7179
